month,mrr,newMrr,expansionMrr,contractionMrr,churnedMrr,newCustomers,churnedCustomers,totalCustomers,burnRate,cash
2024-01-01,5947.3,876.19,196.43,6.27,119.05,8,1,49,24107.9,425892.1
2024-02-01,6929.72,849.61,263.47,9.29,121.37,7,1,55,23960.54,401931.55
2024-03-01,8171.07,1007.96,369.48,10.1,125.99,8,1,62,23774.34,378157.21
2024-04-01,9597.14,1317.91,263.31,23.36,131.79,10,1,71,27894.05,350263.16
2024-05-01,11559.84,1757.22,369.32,28.67,135.17,13,1,83,27599.65,322663.52
2024-06-01,13731.33,1810.58,534.77,34.57,139.28,13,1,95,27273.92,295389.6
2024-07-01,16428.85,2457.19,566.82,37.42,289.08,17,2,110,26869.29,268520.3
2024-08-01,19504.57,2539,865.45,30.02,298.71,17,2,125,32329.49,236190.82
2024-09-01,23765.98,3744.88,849.44,20.84,312.07,24,2,147,31690.27,204500.54
2024-10-01,27806.68,3718.49,1157.07,26.49,808.37,23,5,165,31084.17,173416.37
2024-11-01,33150.73,4550.18,1358.71,59.27,505.58,27,3,189,30282.56,143133.81
2024-12-01,38693.43,4679.69,1452.42,63.21,526.2,29,3,215,37061.61,106072.21
2025-01-01,44525.6,4967.16,1665.35,80.47,719.88,30,4,241,36186.78,69885.43
2025-02-01,52243.47,6651.13,2101.81,111.31,923.77,36,5,272,35029.1,34856.32
2025-03-01,61963.5,8451.15,2325.23,95.99,960.36,44,5,311,41995.85,-7139.53
2025-04-01,71550.98,8567.3,2344.77,129.16,1195.44,43,6,348,40557.73,-47697.26
2025-05-01,81549.77,9046.68,2471.85,80.49,1439.24,44,7,385,39057.91,-86755.17
2025-06-01,91949.49,8896.34,3353.87,155.95,1694.54,42,8,419,46396.05,-133151.22
2025-07-01,103402.8,9216.89,4405.51,194.04,1975.05,42,9,452,44678.06,-177829.28
2025-08-01,117351.78,11895.9,4559.17,218.41,2287.67,52,10,494,42585.71,-220414.99
2025-09-01,132599.95,11165.05,6858.99,162.78,2613.1,47,11,530,52233.07,-272648.06
2025-10-01,145702.96,10507.92,5849.94,252.59,3002.26,42,12,560,50267.62,-322915.68
2025-11-01,157988.72,10147.17,5956.49,435.52,3382.39,39,13,586,48424.76,-371340.44
2025-12-01,170164.26,8433.25,7911.14,394.37,3774.47,34,14,606,46598.43,-417938.87